1,spam
2,spam
3,spam
4,spam
5,ham
6,spam
7,spam
8,spam
9,spam
10,spam
11,spam
12,spam
13,spam
14,spam
15,spam
16,spam
17,spam
18,spam
19,spam
20,spam
21,spam
22,spam
23,spam
24,spam
25,spam
26,spam
27,spam
28,spam
29,spam
30,spam
31,spam
32,spam
33,spam
34,spam
35,spam
36,spam
37,spam
38,spam
39,spam
40,spam
41,spam
42,spam
43,spam
44,spam
45,spam
46,spam
47,spam
48,spam
49,spam
50,spam
51,spam
52,spam
53,spam
54,spam
55,spam
56,spam
57,spam
58,spam
59,spam
60,spam
61,spam
62,spam
63,spam
64,spam
65,spam
66,spam
67,spam
68,spam
69,spam
70,spam
71,spam
72,spam
73,spam
74,ham
75,spam
76,spam
77,spam
78,spam
79,spam
80,spam
81,spam
82,spam
83,spam
84,spam
85,spam
86,spam
87,spam
88,spam
89,spam
90,ham
91,spam
92,spam
93,spam
94,spam
95,spam
96,spam
97,spam
98,spam
99,spam
100,spam
101,spam
102,spam
103,spam
104,spam
105,spam
106,spam
107,spam
108,spam
109,spam
110,spam
111,spam
112,spam
113,spam
114,spam
115,spam
116,spam
117,spam
118,spam
119,spam
120,spam
121,spam
122,spam
123,ham
124,spam
125,spam
126,spam
127,spam
128,spam
129,spam
130,spam
131,spam
132,spam
133,spam
134,spam
135,spam
136,spam
137,ham
138,spam
139,spam
140,spam
141,spam
142,spam
143,spam
144,spam
145,spam
146,spam
147,spam
148,spam
149,spam
150,spam
151,spam
152,spam
153,spam
154,spam
155,spam
156,spam
157,spam
158,spam
159,spam
160,spam
161,spam
162,spam
163,ham
164,spam
165,spam
166,spam
167,spam
168,spam
169,spam
170,spam
171,spam
172,spam
173,spam
174,spam
175,spam
176,spam
177,spam
178,spam
179,spam
180,spam
181,spam
182,spam
183,spam
184,spam
185,spam
186,spam
187,spam
188,spam
189,spam
190,ham
191,spam
192,spam
193,spam
194,spam
195,spam
196,spam
197,spam
198,spam
199,spam
200,spam
201,spam
202,spam
203,spam
204,spam
205,spam
206,spam
207,spam
208,spam
209,spam
210,spam
211,spam
212,spam
213,spam
214,spam
215,spam
216,spam
217,spam
218,spam
219,spam
220,spam
221,spam
222,spam
223,spam
224,spam
225,spam
226,spam
227,spam
228,spam
229,spam
230,spam
231,ham
232,spam
233,spam
234,spam
235,spam
236,spam
237,spam
238,spam
239,spam
240,spam
241,ham
242,spam
243,spam
244,spam
245,spam
246,spam
247,spam
248,spam
249,spam
250,spam
251,spam
252,spam
253,spam
254,spam
255,spam
256,spam
257,spam
258,spam
259,spam
260,spam
261,spam
262,spam
263,spam
264,spam
265,spam
266,spam
267,spam
268,spam
269,spam
270,spam
271,spam
272,spam
273,spam
274,spam
275,spam
276,spam
277,spam
278,spam
279,spam
280,spam
281,spam
282,spam
283,spam
284,spam
285,spam
286,spam
287,spam
288,spam
289,spam
290,spam
291,spam
292,spam
293,spam
294,spam
295,spam
296,spam
297,spam
298,ham
299,spam
300,spam
301,spam
302,spam
303,spam
304,spam
305,spam
306,spam
307,spam
308,spam
309,spam
310,spam
311,spam
312,spam
313,spam
314,spam
315,spam
316,spam
317,spam
318,spam
319,spam
320,spam
321,spam
322,spam
323,spam
324,spam
325,spam
326,spam
327,spam
328,spam
329,spam
330,spam
331,spam
332,spam
333,spam
334,ham
335,spam
336,spam
337,spam
338,spam
339,spam
340,spam
341,spam
342,spam
343,spam
344,spam
345,spam
346,spam
347,spam
348,spam
349,spam
350,spam
351,spam
352,spam
353,spam
354,spam
355,spam
356,spam
357,spam
358,spam
359,spam
360,spam
361,ham
362,spam
363,spam
364,spam
365,spam
366,spam
367,spam
368,spam
369,spam
370,spam
371,spam
372,spam
373,spam
374,spam
375,spam
376,spam
377,spam
378,spam
379,spam
380,spam
381,spam
382,spam
383,spam
384,spam
385,spam
386,spam
387,spam
388,spam
389,spam
390,spam
391,spam
392,spam
393,spam
394,spam
395,spam
396,spam
397,spam
398,spam
399,spam
400,spam
401,spam
402,spam
403,spam
404,spam
405,spam
406,ham
407,spam
408,ham
409,ham
410,spam
411,spam
412,spam
413,spam
414,spam
415,spam
416,ham
417,spam
418,spam
419,spam
420,spam
421,ham
422,spam
423,spam
424,spam
425,spam
426,ham
427,spam
428,spam
429,ham
430,spam
431,spam
432,spam
433,spam
434,spam
435,spam
436,spam
437,spam
438,spam
439,spam
440,spam
441,spam
442,spam
443,spam
444,spam
445,spam
446,spam
447,spam
448,spam
449,spam
450,spam
451,spam
452,spam
453,spam
454,spam
455,spam
456,spam
457,spam
458,spam
459,spam
460,spam
461,spam
462,spam
463,spam
464,spam
465,spam
466,spam
467,spam
468,spam
469,spam
470,spam
471,spam
472,spam
473,spam
474,spam
475,spam
476,spam
477,spam
478,spam
479,spam
480,spam
481,spam
482,spam
483,spam
484,spam
485,spam
486,spam
487,spam
488,spam
489,spam
490,spam
491,spam
492,spam
493,spam
494,spam
495,spam
496,spam
497,spam
498,spam
499,spam
500,spam
501,spam
502,spam
503,spam
504,spam
505,spam
506,spam
507,spam
508,spam
509,spam
510,spam
511,spam
512,spam
513,ham
514,spam
515,spam
516,spam
517,spam
518,spam
519,spam
520,spam
521,spam
522,spam
523,spam
524,spam
525,spam
526,spam
527,spam
528,ham
529,spam
530,spam
531,spam
532,spam
533,spam
534,spam
535,spam
536,spam
537,spam
538,spam
539,ham
540,spam
541,spam
542,spam
543,spam
544,spam
545,spam
546,ham
547,spam
548,spam
549,spam
550,spam
551,spam
552,spam
553,spam
554,spam
555,spam
556,spam
557,spam
558,spam
559,spam
560,spam
561,spam
562,spam
563,spam
564,spam
565,spam
566,spam
567,spam
568,spam
569,spam
570,spam
571,spam
572,spam
573,spam
574,spam
575,spam
576,spam
577,spam
578,spam
579,spam
580,spam
581,spam
582,spam
583,spam
584,spam
585,ham
586,spam
587,spam
588,spam
589,spam
590,spam
591,spam
592,spam
593,spam
594,spam
595,spam
596,spam
597,spam
598,spam
599,spam
600,spam
601,spam
602,spam
603,spam
604,spam
605,spam
606,spam
607,spam
608,ham
609,spam
610,spam
611,spam
612,spam
613,spam
614,spam
615,spam
616,spam
617,spam
618,spam
619,spam
620,spam
621,spam
622,spam
623,spam
624,spam
625,spam
626,spam
627,spam
628,spam
629,spam
630,spam
631,spam
632,spam
633,spam
634,spam
635,spam
636,spam
637,spam
638,spam
639,spam
640,spam
641,spam
642,ham
643,spam
644,ham
645,spam
646,spam
647,spam
648,spam
649,spam
650,spam
651,spam
652,spam
653,spam
654,spam
655,spam
656,spam
657,spam
658,spam
659,spam
660,spam
661,spam
662,spam
663,spam
664,spam
665,spam
666,spam
667,spam
668,spam
669,spam
670,spam
671,spam
672,spam
673,spam
674,spam
675,spam
676,spam
677,spam
678,spam
679,spam
680,spam
681,spam
682,ham
683,spam
684,spam
685,ham
686,spam
687,spam
688,spam
689,ham
690,spam
691,spam
692,spam
693,spam
694,spam
695,spam
696,spam
697,spam
698,spam
699,spam
700,spam
701,spam
702,ham
703,spam
704,spam
705,spam
706,ham
707,ham
708,spam
709,spam
710,spam
711,spam
712,spam
713,spam
714,spam
715,spam
716,ham
717,spam
718,spam
719,spam
720,spam
721,spam
722,spam
723,spam
724,spam
725,spam
726,spam
727,spam
728,spam
729,spam
730,spam
731,spam
732,spam
733,spam
734,spam
735,spam
736,spam
737,spam
738,spam
739,spam
740,spam
741,spam
742,spam
743,spam
744,spam
745,spam
746,spam
747,spam
748,spam
749,spam
750,spam
751,spam
752,spam
753,spam
754,spam
755,spam
756,spam
757,spam
758,spam
759,spam
760,spam
761,spam
762,spam
763,spam
764,spam
765,spam
766,spam
767,spam
768,spam
769,spam
770,spam
771,spam
772,spam
773,spam
774,spam
775,spam
776,spam
777,spam
778,spam
779,spam
780,spam
781,spam
782,spam
783,spam
784,spam
785,spam
786,spam
787,spam
788,spam
789,spam
790,spam
791,spam
792,spam
793,spam
794,spam
795,spam
796,spam
797,spam
798,spam
799,spam
800,spam
801,spam
802,spam
803,spam
804,spam
805,spam
806,spam
807,spam
808,spam
809,spam
810,spam
811,spam
812,spam
813,ham
814,spam
815,ham
816,spam
817,spam
818,spam
819,spam
820,ham
821,ham
822,spam
823,spam
824,spam
825,spam
826,spam
827,spam
828,spam
829,spam
830,spam
831,spam
832,spam
833,spam
834,spam
835,spam
836,spam
837,spam
838,spam
839,spam
840,spam
841,spam
842,ham
843,ham
844,spam
845,spam
846,spam
847,spam
848,spam
849,spam
850,spam
851,spam
852,spam
853,spam
854,ham
855,spam
856,spam
857,spam
858,ham
859,spam
860,spam
861,spam
862,spam
863,spam
864,spam
865,spam
866,spam
867,spam
868,spam
869,spam
870,spam
871,spam
872,spam
873,spam
874,spam
875,spam
876,spam
877,spam
878,spam
879,spam
880,spam
881,spam
882,spam
883,spam
884,spam
885,spam
886,spam
887,spam
888,spam
889,spam
890,spam
891,spam
892,spam
893,spam
894,spam
895,spam
896,spam
897,spam
898,spam
899,spam
900,spam
901,spam
902,spam
903,spam
904,spam
905,spam
906,spam
907,spam
908,spam
909,spam
910,spam
911,spam
912,spam
913,spam
914,spam
915,spam
916,spam
917,spam
918,spam
919,spam
920,spam
921,spam
922,spam
923,spam
924,spam
925,spam
926,spam
927,spam
928,spam
929,spam
930,spam
931,spam
932,spam
933,spam
934,spam
935,spam
936,spam
937,spam
938,spam
939,spam
940,spam
941,spam
942,spam
943,spam
944,spam
945,spam
946,spam
947,spam
948,ham
949,spam
950,ham
951,spam
952,spam
953,spam
954,spam
955,spam
956,spam
957,spam
958,spam
959,spam
960,spam
961,ham
962,spam
963,spam
964,spam
965,spam
966,spam
967,spam
968,spam
969,spam
970,spam
971,spam
972,ham
973,spam
974,spam
975,spam
976,spam
977,spam
978,spam
979,spam
980,spam
981,spam
982,ham
983,spam
984,spam
985,spam
986,spam
987,spam
988,spam
989,spam
990,spam
991,spam
992,spam
993,spam
994,spam
995,spam
996,spam
997,spam
998,spam
999,spam
1000,spam
